SA2 Code,SA2 Name,SA3 Name,Area sq km,State,Map Location,Latitude,Longitude
701021020,Leanyer,Darwin Suburbs,2.5,Northern Territory,"Leanyer, Northern Territory, Australia",-12.37522,130.899222
701021021,Lyons (NT),Darwin Suburbs,7.04,Northern Territory,"Lyons (NT), Northern Territory, Australia",-12.34745,130.89252
701021022,Malak - Marrara,Darwin Suburbs,4.83,Northern Territory,"Malak - Marrara, Northern Territory, Australia",-12.39899,130.891328
701021023,Millner,Darwin Suburbs,1.47,Northern Territory,"Millner, Northern Territory, Australia",-12.3917,130.862773
701021024,Moil,Darwin Suburbs,1.04,Northern Territory,"Moil, Northern Territory, Australia",-12.388065,130.881441
701021025,Nightcliff,Darwin Suburbs,1.45,Northern Territory,"Nightcliff, Northern Territory, Australia",-12.382845,130.847976
701021026,Rapid Creek,Darwin Suburbs,1.92,Northern Territory,"Rapid Creek, Northern Territory, Australia",-12.38129,130.859375
701021027,Tiwi,Darwin Suburbs,3.12,Northern Territory,"Tiwi, Northern Territory, Australia",-12.357085,130.877801
701021028,Wagaman,Darwin Suburbs,0.84,Northern Territory,"Wagaman, Northern Territory, Australia",-12.381115,130.884764
701021029,Wanguri,Darwin Suburbs,0.89,Northern Territory,"Wanguri, Northern Territory, Australia",-12.371705,130.888705
701021030,Wulagi,Darwin Suburbs,1.26,Northern Territory,"Wulagi, Northern Territory, Australia",-12.382765,130.895001
701031031,Howard Springs,Litchfield,118.02,Northern Territory,"Howard Springs, Northern Territory, Australia",-12.467295,131.044268
701031032,Humpty Doo,Litchfield,157.42,Northern Territory,"Humpty Doo, Northern Territory, Australia",-12.55488,131.138403
701031033,Koolpinyah,Litchfield,1199.65,Northern Territory,"Koolpinyah, Northern Territory, Australia",-12.349575,131.162625
701031034,Virginia,Litchfield,54.74,Northern Territory,"Virginia, Northern Territory, Australia",-12.554105,131.030707
701011005,Larrakeyah,Darwin City,1.95,Northern Territory,"Larrakeyah, Northern Territory, Australia",-12.45464,130.825957
701011006,Ludmilla - The Narrows,Darwin City,5.35,Northern Territory,"Ludmilla - The Narrows, Northern Territory, Australia",-12.416545,130.8511
701011007,Parap,Darwin City,1.1,Northern Territory,"Parap, Northern Territory, Australia",-12.43412,130.84388
701011008,Stuart Park,Darwin City,1.65,Northern Territory,"Stuart Park, Northern Territory, Australia",-12.44618,130.845525
701011009,Woolner - Bayview - Winnellie,Darwin City,6.79,Northern Territory,"Woolner - Bayview - Winnellie, Northern Territory, Australia",-12.433725,130.855953
701021010,Alawa,Darwin Suburbs,1.24,Northern Territory,"Alawa, Northern Territory, Australia",-12.3796,130.874487
701021011,Anula,Darwin Suburbs,1.32,Northern Territory,"Anula, Northern Territory, Australia",-12.390305,130.890512
701021012,Berrimah,Darwin Suburbs,30.26,Northern Territory,"Berrimah, Northern Territory, Australia",-12.430315,130.935981
701021013,Brinkin - Nakara,Darwin Suburbs,2.69,Northern Territory,"Brinkin - Nakara, Northern Territory, Australia",-12.370925,130.873042
701021014,Buffalo Creek,Darwin Suburbs,23.91,Northern Territory,"Buffalo Creek, Northern Territory, Australia",-12.37263,130.922477
701011004,Fannie Bay - The Gardens,Darwin City,3.92,Northern Territory,"Fannie Bay - The Gardens, Northern Territory, Australia",-12.436755,130.83593
701021015,Charles Darwin,Darwin Suburbs,17.49,Northern Territory,"Charles Darwin, Northern Territory, Australia",-12.44921,130.90399
701021016,Coconut Grove,Darwin Suburbs,1.42,Northern Territory,"Coconut Grove, Northern Territory, Australia",-12.39529,130.851905
701021017,East Arm,Darwin Suburbs,27.96,Northern Territory,"East Arm, Northern Territory, Australia",-12.477595,130.908894
701021018,Jingili,Darwin Suburbs,1.32,Northern Territory,"Jingili, Northern Territory, Australia",-12.388975,130.872177
701011001,Darwin Airport,Darwin City,14.32,Northern Territory,"Darwin Airport, Northern Territory, Australia",-12.410885,130.882281
701011002,Darwin City,Darwin City,3.17,Northern Territory,"Darwin City, Northern Territory, Australia",-12.46302,130.843482
701011003,East Point,Darwin City,2.38,Northern Territory,"East Point, Northern Territory, Australia",-12.41251,130.835678
701021019,Karama,Darwin Suburbs,2.07,Northern Territory,"Karama, Northern Territory, Australia",-12.400415,130.915511
701031035,Weddell,Litchfield,1408.69,Northern Territory,"Weddell, Northern Territory, Australia",-12.666975,131.115972
701041036,Bakewell,Palmerston,1.32,Northern Territory,"Bakewell, Northern Territory, Australia",-12.49672,130.992753
701041037,Driver,Palmerston,1.72,Northern Territory,"Driver, Northern Territory, Australia",-12.487035,130.973722
701041038,Durack - Marlow Lagoon,Palmerston,11.72,Northern Territory,"Durack - Marlow Lagoon, Northern Territory, Australia",-12.47935,130.970483
701041039,Gray,Palmerston,1.5,Northern Territory,"Gray, Northern Territory, Australia",-12.490385,130.981539
701041040,Moulden,Palmerston,1.75,Northern Territory,"Moulden, Northern Territory, Australia",-12.50564,130.972417
701041041,Palmerston - North,Palmerston,4.77,Northern Territory,"Palmerston - North, Northern Territory, Australia",-12.481045,130.994613
701041042,Palmerston - South,Palmerston,24.98,Northern Territory,"Palmerston - South, Northern Territory, Australia",-12.51455,130.957983
701041043,Rosebery - Bellamack,Palmerston,3.18,Northern Territory,"Rosebery - Bellamack, Northern Territory, Australia",-12.51085,130.988476
701041044,Woodroffe,Palmerston,1.6,Northern Territory,"Woodroffe, Northern Territory, Australia",-12.50269,130.980154
702011045,Charles,Alice Springs,16.69,Northern Territory,"Charles, Northern Territory, Australia",-23.684195,133.875965
702011046,East Side,Alice Springs,25.77,Northern Territory,"East Side, Northern Territory, Australia",-23.68978,133.912958
702011047,Flynn (NT),Alice Springs,17.06,Northern Territory,"Flynn (NT), Northern Territory, Australia",-23.712495,133.841631
702011048,Larapinta,Alice Springs,58.56,Northern Territory,"Larapinta, Northern Territory, Australia",-23.67322,133.832317
702011049,Mount Johns,Alice Springs,18.95,Northern Territory,"Mount Johns, Northern Territory, Australia",-23.7202,133.903748
702011050,Petermann - Simpson,Alice Springs,175248.11,Northern Territory,"Petermann - Simpson, Northern Territory, Australia",-24.937365,131.407643
702011051,Ross,Alice Springs,190.68,Northern Territory,"Ross, Northern Territory, Australia",-23.77757,133.83098
702011052,Sandover - Plenty,Alice Springs,129517.18,Northern Territory,"Sandover - Plenty, Northern Territory, Australia",-23.20663,135.409891
702011053,Tanami,Alice Springs,192662.32,Northern Territory,"Tanami, Northern Territory, Australia",-21.11531,129.741707
702011054,Yuendumu - Anmatjere,Alice Springs,71845.08,Northern Territory,"Yuendumu - Anmatjere, Northern Territory, Australia",-21.724785,132.427326
702021055,Barkly,Barkly,303169.12,Northern Territory,"Barkly, Northern Territory, Australia",-19.266405,135.009822
702021056,Tennant Creek,Barkly,42.06,Northern Territory,"Tennant Creek, Northern Territory, Australia",-19.65848,134.191123
702031057,Alligator,Daly - Tiwi - West Arnhem,33100.67,Northern Territory,"Alligator, Northern Territory, Australia",-12.92569,131.643282
702031058,Daly,Daly - Tiwi - West Arnhem,34828.07,Northern Territory,"Daly, Northern Territory, Australia",-14.034495,130.912435
702031059,Thamarrurr,Daly - Tiwi - West Arnhem,3373.71,Northern Territory,"Thamarrurr, Northern Territory, Australia",-14.09766,129.724622
702031060,Tiwi Islands,Daly - Tiwi - West Arnhem,7483.17,Northern Territory,"Tiwi Islands, Northern Territory, Australia",-11.5522,130.972246
702031061,West Arnhem,Daly - Tiwi - West Arnhem,33509.24,Northern Territory,"West Arnhem, Northern Territory, Australia",-12.12597,133.399091
702041062,Anindilyakwa,East Arnhem,2609.04,Northern Territory,"Anindilyakwa, Northern Territory, Australia",-13.979525,136.586644
702041063,East Arnhem,East Arnhem,30989.9,Northern Territory,"East Arnhem, Northern Territory, Australia",-13.09948,135.64807
702041064,Nhulunbuy,East Arnhem,7.65,Northern Territory,"Nhulunbuy, Northern Territory, Australia",-12.18112,136.778502
702051065,Elsey,Katherine,92949.73,Northern Territory,"Elsey, Northern Territory, Australia",-15.07179,133.232568
702051066,Gulf,Katherine,92278.24,Northern Territory,"Gulf, Northern Territory, Australia",-15.497295,135.293772
702051067,Katherine,Katherine,7416.95,Northern Territory,"Katherine, Northern Territory, Australia",-14.650875,132.169716
702051068,Victoria River,Katherine,133608.84,Northern Territory,"Victoria River, Northern Territory, Australia",-16.699015,130.701256
